"Id","Name","Region","Status","FirstOrder"
"f030ed64cbc8babbe50901a26675a2ee","CSK Auto","US West","Active","2015-01-23"
"06c0b954b0d2088e3da2132d1ba96f31","AM/PM Camp","Global","Active","2015-02-04"
"fffe0e30b4a34f01063330a4b908fde5","Super Saver Foods","Global","Active","2015-02-06"
"33025ad4a425b6ee832e76beb250ae1c","Netcore","Global","Inactive","2015-03-02"
"eb2dcd593e154801529fb2ca07dcc41b","Monmax","Global","Inactive","2015-01-07"
"6c66f7dbaf44818c2cd44d3ab45795de","Chief Auto Parts","Global","Inactive","2015-02-04"
"5809586ac6b71878b7bc0e85bb05fa39","Vibrant Man","Global","Active","2015-03-05"
"5cc2719e6cbc9777d48892f02360121a","Handyman","Global","Inactive","2015-02-05"
"b581db866f5becf6e98acb5852322e29","Rex Audio Video Appliance","Global","Inactive","2015-01-20"
"fef98a3419592e65d9b62ecc1e179afa","Rainbow Bay Crafts","Global","Active","2015-03-06"
"e64b9b2565a79ca5663e5092ace21331","Ardan's","Global","Inactive","2015-03-17"
"dc9d92cb487b98684b441f3013a05815","Forum Cafeterias","Global","Active","2015-01-23"
"1794a62bfdd90ae2e804be12679835e7","EXPO Design Center","Global","Inactive","2015-02-20"
"91cbecf499d2eab8cab34938b42e894a","Sew-Fro Fabrics","","Active","2015-02-03"
"a88e07d5d0fc4d5a645565dfbf25a446","Greenwich IGA","US Central","Active","2015-01-08"
"5a57816ba4cc3acad1554e3358a56586","KB Toys","Global","Active","2015-01-14"
"3fb8ff64605dfd3d176b26aabcd8c706","Newmark & Lewis","Global","Active","2015-01-08"
"cca880809c5e7c10e96748dfddd47547","Sanitary Grocery Stores","Global","Active","2015-01-12"
"5ee8472d63a2a802fc53f7fb6cff58dc","Pro Yard Services","US East","Active","2015-03-04"
"f6bc10f09c6be8cac4b046f4a5140f5e","Corpbay","US West","Active","2015-01-30"
"68e39e90d5073440b584b1658f0f3845","Anderson-Little","North America","Active","2015-02-12"
"c113754107182e37fe969115052e6b97","Video Concepts","US West","Active","2015-01-21"
"bf668b41e56ff0175f51a16fb11953cf","Yesterday's Records","US West","Active","2015-03-05"
"17a24f87d954b9642e3fdd273d2db4d6","Nickerson Farms","US Central","Active","2015-02-19"
"b67fbab32332963aa85ef08c7db558d2","Flipside Records","US Central","Active","2015-01-12"
"2f8ea1f3375deb1d5c1cf615bdda72c8","Idea Infinity","US West","Active","2015-01-28"
"3bdf233ff2d0ca796980d5edb1f422c9","Naturohair","US West","Active","2015-03-09"
"e3a6a714ef820634f9ea628054ed790b","Network Air","US West","Active","2015-01-16"
"83ca497584df30a8ab662aade4e3f284","Today's Man","US West","Active","2015-03-05"
"7df91c7c6d6a28c0e94b7d6c18855512","Cloth World","US West","Active","2015-02-19"
"d62f9afab1fec48c8cb28362f54a5634","Advansed Teksyztems","US Central","Active","2015-01-04"
"a094e89af71b8f15d9bcef74c9baa6c5","Father & Son","US Central","Active","2015-01-04"
"173b48d2a4135f513eba70db50452615","John M. Smyth's Homemakers","US Central","Active","2015-01-04"
"584ac3c114a75e94d88dcfacb91b333f","Alladin's Lamp","US Central","Active","2015-01-12"
"8f680d94234e34cd0cd2e341b633f23f","Record Town","US West","Active","2015-01-08"
"13c486cb73c83be961884838dfd60cc8","Whitlocks Auto Supply","US West","Active","2015-01-08"
"f5c0fac867379fab9ee5e92c134140f7","Wilson's Jewelers","US East","Active","2015-01-15"
"06f12910bd585caf43054304293d23c8","Sanitary Grocery Stores","APAC","Active","2015-01-13"
"51b815347cb58df26b4bacf10d129b0f","Sav-A-Center","US West","Active","2015-01-16"
"45971e00105c3537d3f05914def052f2","Total Sources","US West","Active","2015-02-09"
"ac6376916b63e6739f4fa4464ec98475","Coffey's Market","US West","Active","2015-01-06"
"fceadc42d87b7cd5343ca90d848154f0","Lionel Playworld","US Central","Active","2015-02-09"
"bd42f76f34258262f6b17df2abebdb66","Pioneer Chicken","US West","Active","2015-01-06"
"c320d3c54c8e425a73c9d6bd83db9c2b","Netobill","EMEA","Active","2015-01-12"
"76a1edb5bebb49cad928ed9805abd1de","MegaSolutions","US East","Active","2015-01-07"
"a9c8373ac29e5b1f30e83fdd091923c3","Ellman's Catalog Showrooms","US Central","Active","2015-01-20"
"c65395b7adea0865b4531d388036a256","Formula Grey","US West","Active","2015-03-06"
"c6bfb27011e640e177aa0516c5133980","Mikrotechnic","US West","Active","2015-01-16"
"04c2eed444064f48ac42769bf5ff9b47","Today's Man","US Central","Active","2015-01-04"
"f6918f1b082516d02f1cde573bebd034","Adaptaz","US Central","Active","2015-03-09"
"99f56750708bc161dfdeb9025d336b27","Henry's","US East","Active","2015-02-11"
"635b1e8c4ac9207142da7555bdfc3e81","Orion","US East","Active","2015-02-05"
"8642e082b47b9c4dfbc147a27d74b017","BASCO","EU","Active","2015-01-07"
"0af6f8cb39271d084281456965506e21","Prahject Planner","US Central","Active","2015-01-27"
"45a7e9c104933bfe003ffac875b3ef48","The Network Chef","US West","Active","2015-03-06"
"571fbfd60bd3e3393a787219c2c2a024","Edge Yard Service","US East","Active","2015-03-13"
"904d3d952429687a6cbd727396f20ddb","Four Leaf Clover","US East","Active","2015-02-11"
"00fd243b54bcb3cff12ac29f8329828c","Newhair","US West","Active","2015-03-25"
"59ba10b4541f6d728c97ccb2db8c5fac","Cellophane Square","EU","Active","2015-01-06"
"34d5a1a18e34f7ae9b215945302d1cc3","Schweggmanns","EU","Active","2015-01-01"
"1733fb4d37a5b9fb1725f5b93096a851","Team Designers and Associates","EU","Active","2015-01-21"
"fca864843afb80bcc47ab6410a348260","Weathervane","EU","Active","2015-03-11"
"927ef4b363cbecfa5af529bd65c3c749","Foreman & Clark","US East","Active","2015-01-08"
"8176dd0323e901e72ba0505a3abf9311","Singer Lumber","EU","Active","2015-01-09"
"f1f1e5dd2eaf4d6e975e67047f9aa4be","Realty Zone","US East","Active","2015-03-20"
"3b79388144ebc512ea4448e65ff63e27","Bettendorf's","US Central","Active","2015-03-09"
"156d25738fb1ed5aba9f83c60917ab31","Cut Rite","US West","Active","2015-03-06"
"7dc567c86e4590bed0fc5fcfa0466f9b","Singer Lumber","US West","Active","2015-02-02"
"ed50461ed7d8059f6323646062b5c463","P. Samuels Men's Clothiers","US West","Active","2015-01-30"
"6b8912b590b2fa1969787a41a0e0c82f","Eagle Hardware & Garden","US East","Active","2015-03-09"
"5d751894a07bbb87ae55fb88a81c2222","Singer Lumber","US East","Active","2015-02-24"
"3f5d2b4394f4daf4c9e67a809748582a","Rogersound Labs","US West","Active","2015-02-02"
"7e8c1bdf1369ad4b754b45bad1e678ac","Gamma Gas","EU","Active","2015-01-16"
"280c9f7604df4a6383c9ede7c59f8178","Pay'N Takeit","EU","Active","2015-01-08"
"d97e3b81fe51a18e22953b7bceabe0fe","Intelli Wealth Group","APAC","Active","2015-01-26"
"06a20acb4b206991a0b23e484e1d11b3","Reliable Investments","EU","Active","2015-02-08"
"02df879b399d708ca9c060d10b626ebb","Maxi-Tech","US East","Active","2015-03-09"
"afb83147afc7aacf28eef5e9adf39dc8","Netaid","US West","Active","2015-03-05"
"644e3da3b550805dcc131d34fb7649e1","Parade of Shoes","EU","Active","2015-01-14"
"bf832aa2ebdeeba85cb29313f5450197","Nelson Brothers","EU","Active","2015-03-09"
"e186486d4aabe52d894de9d760224eed","Avant Garde Interior Designs","EU","Active","2015-01-09"
"45fa0eb11442fd494169a24f934ef8b1","Kiddie City","EU","Active","2015-01-27"
"5d063bf3567e51fdaa027d94017d0d88","Wholesale Club Inc.","US East","Active","2015-03-09"
"9a0bf4ca3d1b1b195b7fb120730123a5","Greyvoid","US West","Active","2015-01-09"
"ba440fd369c6df0c33bc07fe1f661430","Netobill","EU","Active","2015-02-25"
"953becfc09b9ccc45f66d518c2af172b","Big Daddy's Restaurants","EU","Active","2015-01-07"
"5c65fc652f9674853c47ce7c1ae79575","Audio Aid","EU","Active","2015-01-23"
"fa549c27ed548877a90f6be00a7c74c3","Target Source","EU","Active","2015-03-08"
"3742c5498b7d12499d1e136f76f7c8c3","Gamma Gas","EU","Active","2015-02-15"
"72dbcbaa3b693b46f408fd2b6153a852","Food Barn","EU","Active","2015-02-08"
"bc8f6d62491fc4aa63d6a59ac0a22b8d","AM/PM Camp","EU","Active","2015-02-11"
"6c4a2a62c0c5175f85684c09a2f71b3c","Rich and Happy","US East","Active","2015-03-12"
"30bf15141516f73631cac77f6c2edebf","Fretter","US East","Active","2015-01-07"
"f075ebd3f5985f76bc2870537ff45d76","K&G Distributors","US East","Active","2015-01-07"
"bd5bc4b76c28458f6eaf51544f8fbda8","Avant Garde Appraisal","EU","Active","2015-02-20"
"012351c205dcbdf4cdac61c51ccd2466","CSK Auto","APAC","Active","2015-01-26"
"8bd7e00058378cb4f4a2c9f7037ef9e6","Bombay Company","US West","Active","2015-01-20"
"f22e256432c3227acd669d8b956f58d6","Littler's","APAC","Active","2015-01-12"
"393866c3035eb098445b652cb3d8ea84","Eden Lawn Service","US East","Active","2015-01-15"
"9f075f3a730e425b23d56d5f2eba42cd","Atlas Realty","US West","Active","2015-02-13"
"b370daaa4677cc20f51767b865f28afd","Thom McAn Store","US East","Active","2015-02-11"
"092d70ca7d54b9ac1cdead16816d1fbf","LoRay","US East","Active","2015-01-12"
"d33160f1a9f2b5d92f4fd63d13818107","Sew-Fro Fabrics","EMEA","Active","2015-02-06"
"5db842db18f3ded044a81448a144384d","Chatham","EMEA","Active","2015-01-12"
"4f515945ea407782887e61ad3b78f731","Britches of Georgetown","US East","Active","2015-02-19"
"3e31f2e87d74463a36b31c231d0d8370","Future Plan","US East","Active","2015-01-07"
"12a0cb318dbb94866277cf5721975e4e","Life Map Planners","EMEA","Active","2015-01-20"
"8c4e0d2f1d36d418f8c92f66cad8cda1","ABC Markets","US West","Active","2015-02-06"
"e6760db638a944cb18d0ba8089ce4f19","Big Bear Stores","US East","Active","2015-01-30"
"094b15e14571cab44292c7e70b303f8d","Wickes Furniture","APAC","Active","2015-02-17"
"13dce9301d75a2842dfa71b0585f3afc","Today's Man","US Central","Active","2015-03-20"
"29f37ca2f44448bddeaa5614a30b0ebf","Reliable Investments","US East","Active","2015-01-22"
"dba36f5c190fee27bc83272de6471feb","Total Yard Maintenance","APAC","Active","2015-03-17"
"fc1bffbfa24a97493078bce841a7e7d0","Square Circle","APAC","Active","2015-01-14"
"7437da8c82c71aec9f1b1dc2960fc9fe","Madcats Music & Books","US East","Active","2015-01-08"
"d686b11cb055d3f6e3142f526e72a000","Adaptas","US West","Active","2015-02-20"
"55a8c60c0edef0e27c97d767673111ca","Builders Emporium","EMEA","Active","2015-01-29"
"14203a77bc14d1c5d830e78ba26c2a91","Value Giant","US Central","Active","2015-03-09"
"dcd0fb23a915e734ec3c92dbdaf7a0d1","Monk House Sales","US East","Active","2015-01-08"
"0bd7b2c80f066dcc3d99ed31a1f6395a","Colonial Stores","US Central","Active","2015-01-15"
"03875a8161cebd89bc385cfaef02b18f","Tianguis","US East","Active","2015-03-04"
"ef1ea0afab6ab7a5c8938c225b111428","Lazysize","EMEA","Active","2015-02-03"
"668d8dabc426a5fe3788d4d5b98e8dad","Skaggs-Alpha Beta","US West","Active","2015-02-17"
"77bb8415b79c8602220855d7109c133c","Boys Markets","EMEA","Active","2015-01-20"
"c2e32d5f99915a8058dd540df70073cb","EnviroSource Design","US West","Active","2015-01-06"
"526ed9a70e5ded1d4b69047028fa025f","Waccamaw's Homeplace","US West","Active","2015-01-13"
"7bce24854f0eb7c2dde90e8743f78a86","Official All Star Caf√©","US West","Active","2015-02-20"
"5977c125b72e9adb847e831134c62129","Edge Yard Service","US West","Active","2015-01-29"
"373b8cea7f01a34b92f3a40010a7c891","John Plain","US Central","Active","2015-02-12"
"fb6b1e5223c5d30506c61f0d27b0702d","Best Products","EMEA","Active","2015-01-04"
"0111bd333502ece7839dcabbb39c2b03","Personal & Corporate Design","EMEA","Active","2015-01-06"
"0ac0b16434fe6fc4b340861b7242ebf3","Rogers Food Stores","US West","Active","2015-03-13"
"c4515009f66a76745aa8874846104222","Rink's","US West","Active","2015-03-05"
"335f2cd50d2340172839d681e66ab07e","Piece Goods Fabric","EMEA","Active","2015-01-01"
"8bda34a7c0845d809fa96887a00bdb1e","Audio Aid","US West","Active","2015-03-05"
"8a4ec67b4b5f8a1e920a0dfad51b29f2","Eden Lawn Service","APAC","Active","2015-01-22"
"bbdb309198a89c47e584d0dc2bab1ccc","Shoe Pavilion","EMEA","Active","2015-02-09"
"c083a5f65c72d34b90344e1f46657347","Coffey's Market","US West","Active","2015-02-24"
"5125ba6f2e3dfc4737939930f0847911","Olson's Market","APAC","Active","2015-01-27"
"c4155f4d03bcf79ad2c282d7b89d59a1","Fedco","US West","Active","2015-02-12"
"c0b96a2e2d3e09bd0c15a831662ce2dd","Matrix Interior Design","US West","Active","2015-02-04"
"eebe3ee972aace45a1ef35525ca0870b","L' Fish","APAC","Active","2015-02-20"
"93b672a69f9e02fbcdbfcfce9ca5e441","Colonial Stores","APAC","Active","2015-01-26"
"26a3580f84d752c67539ae8f961fc7a3","O.K. Fairbanks","US West","Active","2015-01-08"
"59080e946669abea7de0c0ef69a2a504","Magik Gray","US West","Active","2015-02-10"
"913522aad02fc028be21ce29c9282b07","Cellophane Square","US West","Active","2015-02-26"
"bc47c447415a58a3710631c8546bbabb","Our Own Hardware","APAC","Active","2015-01-20"
"3d31c78cfbdd58eefbdf8fb6dcbab318","Tech Hifi","US West","Active","2015-03-02"
"712956f71cc8e351fdb75b88c210c18f","Life Map","US West","Active","2015-02-20"
"252395e17330b62408d6b10b7533165a","Cal Stereo","EMEA","Active","2015-01-15"
"a198b3617d78d98418a06b14a6f63918","Intelacard","APAC","Active","2015-02-27"
"32f471fcc1c090682af40889cdfc8105","Greyvoid","US West","Active","2015-02-24"
"1cfa201289a305901e7715b5a67da96f","Eagle Food Centers","US West","Active","2015-01-08"
"56764b1da0e04fb2cbc4c9691a0dda8c","DGS VolMAX","US West","Active","2015-02-03"
"c5120a065ed5aecb4147207b7f09cf5a","Chatham","APAC","Active","2015-02-01"
"5d05a824299936bbd843487d4dbd67e8","Jacob Reed and Sons","EMEA","Active","2015-01-19"
"7b7f02b9fcb41f42690de96b661b3c2d","Dee's Drive-In","EMEA","Active","2015-01-13"
"8b0f27db5c4e6b673a19e776e8fe188f","Prestiga-Biz","US East","Active","2015-03-02"
"625a1741feaa953482305288332d1412","Asian Plan","US West","Active","2015-02-17"
"bbe3af36101959170be8f3383b1d89cf","First Choice Yard Help","US West","Active","2015-01-29"
"be46728e6c51934a2df1cc16c744aee4","Handy City","US West","Active","2015-02-12"
"b5f3d4ff4b3699676344afb93119b65e","Locost Accessories","US East","Active","2015-01-05"
"a24cd361dc40a5c7930b0a7ce1ecf6d3","Maurice The Pants Man","EMEA","Active","2015-02-19"
"ed51729c36a59396ecbf218cb6224c2e","Afterthoughts","US West","Active","2015-01-15"
"ff2f62ab6418a60054c2403d532ff9d1","Gold Medal","US West","Active","2015-01-29"
"a45f41bda847617def70ead149991b3f","Quality Realty Service","EMEA","Active","2015-02-04"
"6f607897a5637ec44e06d4beb77423d1","Best Products","US East","Active","2015-01-12"
"856fc90713cbfbc15794431692f44cca","Funtown toys","EMEA","Active","2015-01-12"
"3c008c210966c068a16be6c90231bb1d","Just For Feet","US West","Active","2015-02-27"
"385652a2cb21d82b48b0dc595ae1bf50","Kleinhans","US West","Active","2015-01-29"
"f86e5fe9cf1fece543d0d953833f8c1c","Silo","EMEA","Active","2015-01-13"
"9a5eaa06ddff0ff6cf366be6df42857d","Ardan's","US East","Active","2015-03-02"
"da05cbab2d88eb9351c0141bef4c5428","Nobil","US East","Active","2015-01-29"
"89c5828c1f2239564e482867bac3d92f","PriceRite Warehouse Club","US East","Active","2015-02-05"
"29fcfb0e58d5ffe38b90cd772e85d59b","Solution Bridge","EMEA","Active","2015-02-05"
"62167361a0ff02c50c202788c2b73dfc","Fayva","EMEA","Active","2015-01-12"
"afd5065c8521dffb307faac1f15ec0fe","Monsource","EMEA","Active","2015-01-06"
"77d8b801745540961a76027e3c1e725e","Home Quarters Warehouse","EMEA","Active","2015-03-30"
"4a7b89d77408a46962f6266fef4355de","Price Savers","APAC","Active","2015-01-12"
"22a722a7212636c945c17ef2176d7e60","Choices","US East","Active","2015-02-04"
"9a00506d37d2fa1d30d2e19f34b59b81","Hughes Markets","US East","Active","2015-02-04"
"749011b683b3288e2683a8b68b969963","Ideal Garden Maintenance","US East","Active","2015-02-05"
"681179c0d167e584aea7d2f4fe90ba04","Paper Cutter","US East","Active","2015-02-06"
"d707c3596873fea04f29024346341031","Personal & Corporate Design","US East","Active","2015-02-05"
"3d17a548d522e8dfa015dbc4dd6b4d3a","Paul's Food Mart","US East","Active","2015-02-03"
"4b9e2b88330e94f24838288470014f1d","Hanover Shoe","US East","Active","2015-02-06"
"29e6eb78ce6f68c4cf5b1a4a7e7ecc24","Odyssey Records & Tapes","US East","Active","2015-02-11"
"df4b0aeeb83d6b023128366bb37d5c0d","Wheels Discount Auto","EMEA","Active","2015-01-30"
"309c5bc28d15749a7d7c7a6892fb4898","Earthworks Yard Maintenance","EMEA","Active","2015-02-12"
"6c838659cc2029bf3c19ab74f5fe7372","Gas Depot","US West","Active","2015-01-21"
"4da47e82d02de839c23acb6491ddc352","Thompson","US West","Active","2015-02-24"
"3a8280eb17a5df7d85be9c4e6755c9a5","Lone Wolf Wealth Planning","US West","Active","2015-01-07"
"3b94e564a91dde937659bf57a1c28c1a","Netstars Matrix Design","EMEA","Active","2015-01-27"
"c201afe3626c1fba65741d9d20995ff9","Monlinks","US East","Active","2015-01-12"
"e5c88a9efcf27e84ef6887c5cdbccd8e","Britches of Georgetown","US East","Active","2015-01-12"
"bcceb8989d9e209413de44891b78dc81","Soul Sounds Unlimited","APAC","Active","2015-01-13"
"8836f3ca75c68c7c3948d287c2384361","Plan Future","US West","Active","2015-01-14"
"793e027945c8adce888004ae81c5a36e","Big A Auto Parts","EMEA","Active","2015-01-15"
"126fd35b0ffae3c7c689e3ee8551c7c7","Opti-Tek","EMEA","Active","2015-01-15"
"7967ab005b53421b789a1ea74efb69ce","Chess King","US West","Active","2015-01-16"
"02f6f8dfeeed98fc3040d9d03dbd7014","Signa Air","US East","Active","2015-01-15"
"6ce133287ef895a80f3f34b94a8ebbcc","Fradkin Brothers Furniture","US West","Active","2015-01-06"
"bc3ecd0781deb3860fc1dbf9c5eda28a","Buena Vista Garden Maintenance","US West","Active","2015-01-21"
"901fcc00c301e7e73bcbd03ddb40bf98","Grand Union","US West","Active","2015-01-21"
"c35461d5caf4f4c3d67a0b0519a43d81","Omni Tech","US West","Active","2015-01-21"
"f76b0272dc0d443fec82d4d8b3add387","Locost Accessories","US West","Active","2015-01-08"
"619cb3697f894ad78cece921488a3e7b","Target Realty","US West","Active","2015-01-08"
"7badbcefe027ecc6d1e5f464e14415fd","Value Giant","US West","Active","2015-01-08"
"62d4d64e7d64add4011788cd2a3e0d8c","Lawn N' Order Garden Care","APAC","Active","2015-01-09"
"94b7d2d11a5e1922a37c6d417721cc6c","Sherman's","US East","Active","2015-01-22"
"0cc5cbc606f1f7197a7d24227d62a2bc","Atlas Realty","EMEA","Active","2015-01-23"
"f465c273305b792ff882a9194d13bb21","Soft Warehouse","APAC","Active","2015-01-26"
"b09169b005892f166259f5ad436e8f0d","Total Network Development","EMEA","Active","2015-01-28"
"472aa7309a05148e8b8b36944069b827","Circus World","US Central","Active","2015-01-27"
"de205c773b1b65fe2a5cbc98674b7051","Scotty's Builders Supply","US Central","Active","2015-01-27"
"5e19e3797807b70505cf0fccfceca7cb","Schaak Electronics","US East","Active","2015-01-27"
"78da1ea936ac07819331aedd0987f0af","G.I. Joe's","US East","Active","2015-01-29"
"9139d7cf3b744ebb58395f4fb7d7b3f5","Stop N Shop","EMEA","Active","2015-02-13"
"066e12f09dab594652561d85ba06375c","Aaronson Furniture","EMEA","Active","2015-02-13"
"4b3c136dd849dd87688a8c5886382d3f","Forth & Towne","APAC","Active","2015-02-13"
"950d452d821a64632670cbd3b6d388e6","StopGrey","US East","Active","2015-02-17"
"4d67b075b4b2e5d78df53a874a035317","Buena Vista Realty Service","US East","Active","2015-02-17"
"90ae5e1e0d3527411b780a3237cddb4e","Total Serve","US East","Active","2015-02-17"
"a370d33d9b8e6b9aee5757c94abc5c6b","University Stereo","US East","Active","2015-02-17"
"69e0e8b41460d84961da5b102f8b3e66","John Plain","APAC","Active","2015-02-25"
"0d5053cdae3aedfa0a2154130db19fe1","Sew-Fro Fabrics","EMEA","Active","2015-02-16"
"7de25ab68e1b53d4e3b02ef93a2d9fcb","Sofa Express","APAC","Active","2015-02-17"
"b35821fb9625ad27018a31672f330b45","Thompson","APAC","Active","2015-02-18"
"b52ff3361bd8ef660877dac2f4def9ee","Flipside Records","US East","Active","2015-02-18"
"a4071b951e2d9c2a48db705cc9d4a5a7","Channel Home Centers","US East","Active","2015-02-20"
"e1bb826c98afa95512b34ac823469820","Northern Reflections","US West","Active","2015-02-05"
"6603a3551ff0beeffbe8e787edb26e2b","Prestiga-Biz","US East","Active","2015-02-05"
"c33f52551072d762fdd40e886a83d95e","Locost Accessories","EMEA","Active","2015-02-05"
"bf40cf3a2bc8c7bbfeea63fb9231e284","Shoe Town","US East","Active","2015-02-06"
"595d1a100e8d9abf986d90b247de447d","Life's Gold","US West","Active","2015-02-05"
"dbd17e066382fc2b2053d4683589d0f7","Builders Emporium","US West","Active","2015-02-06"
"7e60008375f813bb4ff91115de854e82","Budget Tapes & Records","US West","Active","2015-02-06"
"f2140e7232bc4786a8df64b158ec8675","Happy Bear Investment","US West","Active","2015-02-06"
"0039d318f2f41b84a61cd49917f25151","Nan Duskin","US East","Active","2015-02-10"
"6611858457315e8b0e34b1a194d1f21f","Klopfenstein's","US West","Active","2015-02-10"
"d67c3b52fa6ec22e384a99458f8e8279","Value Giant","US East","Active","2015-02-10"
"9d31d8cb25b4a46c73654e859c4be88b","Franklin Music","APAC","Active","2015-02-11"
"143b3e9dff79c5177e3e38a2476b5d30","Bold Ideas","US East","Active","2015-02-11"
"10f9e8b4458eacd1dbbfa85dc13322ad","MVP Sports","US Central","Active","2015-02-11"
"26c8c6b9428410429a98a23d4eb32a01","Gamma Realty","APAC","Active","2015-02-12"
"4a5ff9b3358c87673738f4032fa7cbd9","Stratagee","US West","Active","2015-02-23"
"4affe375ca29d3011c1b155a2a62b1c0","Mission You","EMEA","Active","2015-02-26"
"ac295038d9b41666458e327300014efd","Unity Stationers","EMEA","Active","2015-03-02"
"8598c387a355b1d53cfded10f762b871","Modern Realty","US East","Active","2015-03-16"
"320882ca190a53dd10359fef21a506ab","Gart Sports","APAC","Active","2015-03-16"
"9dc698e8820d2782f57702e84a002be1","Your Future Is Now","US Central","Active","2015-03-18"
"1e96f6a1a16e173914d342a34d70cbf2","Specialty Restaurant Group","US East","Active","2015-03-19"
"6b770332e8bc76b86dea8d95ebb1e4c3","Mission Realty","US Central","Active","2015-03-20"
"e8e4314ffb552143b8a256d97b3c465d","Sistemos","APAC","Active","2015-03-20"
"a918315d493d58efa07723e80695d78e","Modern Architecture Design","EMEA","Active","2015-03-24"
"d5ef2c72126bb261332592412e5cf495","Cal Stereo","APAC","Active","2015-03-24"
"e00341a3f4c37e5df6bcde415615c075","Adray","US East","Active","2015-03-04"
"42b641be34a70340260e97eaacac7b64","Oshman's","US West","Active","2015-03-05"
"d027352ecb6f368889e22335f4e62e0a","Nickerson Farms","US West","Active","2015-03-06"
"f7d2d1bb79a13c39b5249bb90e2fb713","Video Concepts","APAC","Active","2015-03-09"
"32b93d7dc51879d1d3371f60c98c4840","Our Own Hardware","US Central","Active","2015-03-09"
"8c965f5c59a696d92f6d2a3036578d08","Deco Refreshments Inc.","US Central","Active","2015-03-09"
"d6a7f70109d084244abe6b72e3cb83de","Monk Home Loans","US Central","Active","2015-03-09"
"472bae80c7b38ce94f890979f7e724f3","Prahject Planner","US East","Active","2015-03-09"
"e9869be163e02561c45425ae4a5478c5","Beatties","APAC","Active","2015-03-10"
"7778d9505c4b381cc4c4daff92f36f8a","Specialty Restaurant Group","EMEA","Active","2015-03-12"
"9a9af39f230e7f4dc99d2a13d0580859","De-Jaiz Mens Clothing","APAC","Active","2015-03-13"
"3105346736c6e2314f44bb9cd9941fcf","Judy's","APAC","Active","2015-03-13"
"2e2d4cbf7cd843bd20ef4cd85266e0f6","Huffman and Boyle","US East","Active","2015-03-13"
"0e084403f033567a236e539b5455cda2","Body Toning","US West","Active","2015-03-25"
"759b89081aec4f730597b5b4fae49119","Vinyl Fever","EMEA","Active","2015-03-26"
"024495cae7b6fef579aebaadb3986eda","Gottschalks","EMEA","Active","2015-03-30"
"9815a3ae3d7547c7431cc5cdd7fa0c29","Gold Leaf Garden Management","US West","Active","2015-03-30"
"c5812a93d4dd527cc401a67c84e5657b","Brand Names","EMEA","Active","2015-03-31"
"a731157e3566974792889a7656bceb81","Omni Tech Solutions","EMEA","Active","2015-03-31"
